<?xml version="1.0" encoding="UTF-8"?>
<templateSet group="frontUI">
  <template name="fu-breadcrumb" value="&lt;ol class=&quot;breadcrumb $var1$&quot;&gt;&#10;    &lt;li&gt;&#10;        &lt;a href=&quot;$var2$&quot;&gt;&#10;            $var3$&#10;            &lt;i class=&quot;icon-chevron-thin-right&quot;&gt;&lt;/i&gt;&#10;        &lt;/a&gt;&#10;    &lt;/li&gt;&#10;    &lt;li&gt;&#10;        &lt;a href=&quot;$var0$ 二级菜单 $var0$ 当前位置 $&#10;    &lt;/li&gt;&#10;&lt;/ol&gt;&#10;" toReformat="true" toShortenFQNames="true">

    <variable name="var1" expression="&quot; &quot;" defaultValue="" alwaysStopAt="true" />    <variable name="var2" expression="&quot; index.html &quot;" defaultValue="" alwaysStopAt="true" />    <variable name="var3" expression="&quot; 首页 &quot;" defaultValue="" alwaysStopAt="true" />    <variable name="var0" expression="&quot;&quot;&gt;&#10;            &quot;" defaultValue="" alwaysStopAt="true" />    <variable name="var0" expression="&quot;&#10;            &lt;i class=&quot;icon-chevron-thin-right&quot;&gt;&lt;/i&gt;&#10;        &lt;/a&gt;&#10;    &lt;/li&gt;&#10;    &lt;li&gt;&#10;        &quot;" defaultValue="" alwaysStopAt="true" />
    <context>
      <option name="XSL_TEXT" value="true" />
      <option name="XML_TEXT" value="true" />
      <option name="XML" value="true" />
    </context>
  </template>  <template name="fu-alert" value="&lt;div class=&quot;am-alert&quot; data-am-alert&gt;&#10;  &lt;button type=&quot;button&quot; class=&quot;am-close&quot;&gt;&amp;times;&lt;/button&gt;&#10;  &lt;p&gt;$var1$&lt;/p&gt;&#10;&lt;/div&gt;&#10;&lt;div class=&quot;alert &quot;&gt;&#10;    &lt;i&gt;&lt;/i&gt;&#10;    &lt;em&gt;&lt;/em&gt;&#10;    $var1$&#10;&lt;/div&gt;&#10;" toReformat="true" toShortenFQNames="true">

    <variable name="var1" expression="&quot;内容&quot;" defaultValue="" alwaysStopAt="true" />    <variable name="var1" expression="&quot;内容&quot;" defaultValue="" alwaysStopAt="true" />
    <context>
      <option name="XSL_TEXT" value="true" />
      <option name="XML_TEXT" value="true" />
      <option name="XML" value="true" />
    </context>
  </template>  <template name="fu-alert:success" value="&lt;div class=&quot;am-alert am-alert-success&quot; data-am-alert&gt;&#10;  &lt;button type=&quot;button&quot; class=&quot;am-close&quot;&gt;&amp;times;&lt;/button&gt;&#10;  &lt;p&gt;$var1$&lt;/p&gt;&#10;&lt;/div&gt;&#10;&lt;div class=&quot;alert  alert-success&quot;&gt;&#10;    &lt;i&gt;&lt;/i&gt;&#10;    &lt;em&gt;&lt;/em&gt;&#10;    $var1$&#10;&lt;/div&gt;&#10;" toReformat="true" toShortenFQNames="true">

    <variable name="var1" expression="&quot;内容&quot;" defaultValue="" alwaysStopAt="true" />    <variable name="var1" expression="&quot;内容&quot;" defaultValue="" alwaysStopAt="true" />
    <context>
      <option name="XSL_TEXT" value="true" />
      <option name="XML_TEXT" value="true" />
      <option name="XML" value="true" />
    </context>
  </template>  <template name="fu-alert:warning" value="&lt;div class=&quot;am-alert am-alert-warning&quot; data-am-alert&gt;&#10;  &lt;button type=&quot;button&quot; class=&quot;am-close&quot;&gt;&amp;times;&lt;/button&gt;&#10;  &lt;p&gt;$var1$&lt;/p&gt;&#10;&lt;/div&gt;&#10;&lt;div class=&quot;alert  alert-warning&quot;&gt;&#10;    &lt;i&gt;&lt;/i&gt;&#10;    &lt;em&gt;&lt;/em&gt;&#10;    $var1$&#10;&lt;/div&gt;&#10;" toReformat="true" toShortenFQNames="true">

    <variable name="var1" expression="&quot;内容&quot;" defaultValue="" alwaysStopAt="true" />    <variable name="var1" expression="&quot;内容&quot;" defaultValue="" alwaysStopAt="true" />
    <context>
      <option name="XSL_TEXT" value="true" />
      <option name="XML_TEXT" value="true" />
      <option name="XML" value="true" />
    </context>
  </template>  <template name="fu-alert:danger" value="&lt;div class=&quot;am-alert am-alert-danger&quot; data-am-alert&gt;&#10;  &lt;button type=&quot;button&quot; class=&quot;am-close&quot;&gt;&amp;times;&lt;/button&gt;&#10;  &lt;p&gt;$var1$&lt;/p&gt;&#10;&lt;/div&gt;&#10;&lt;div class=&quot;alert  alert-danger&quot;&gt;&#10;    &lt;i&gt;&lt;/i&gt;&#10;    &lt;em&gt;&lt;/em&gt;&#10;    $var1$&#10;&lt;/div&gt;&#10;" toReformat="true" toShortenFQNames="true">

    <variable name="var1" expression="&quot;内容&quot;" defaultValue="" alwaysStopAt="true" />    <variable name="var1" expression="&quot;内容&quot;" defaultValue="" alwaysStopAt="true" />
    <context>
      <option name="XSL_TEXT" value="true" />
      <option name="XML_TEXT" value="true" />
      <option name="XML" value="true" />
    </context>
  </template>
</templateSet>